[{"id":12,"addon_name":"Header","addon_type":"update","addon_location":"dynamic_page","addon_order":1,"addon_page_id":1,"addon_page_type":"dynamic_page","addon_settings":"{\"id\":\"12\",\"addon_name\":\"Header\",\"addon_namespace\":\"UGx1Z2luc1xQYWdlQnVpbGRlclxBZGRvbnNcVGVuYW50c1xDYXN1YWxcSGVhZGVyXEhlYWRlcg==\",\"addon_type\":\"update\",\"addon_location\":\"dynamic_page\",\"addon_order\":\"1\",\"addon_page_id\":\"1\",\"addon_page_type\":\"dynamic_page\",\"pre_title\":\"Womens Dress Store\",\"title\":\"Summer Collection\",\"button_text\":\"Browse All Categories\",\"button_url\":\"#\",\"background_color\":null,\"social_repeater\":{\"name_\":[\"Facebook\",\"Instagram\"],\"url_\":[\"https:\\\/\\\/facebook.com\",\"https:\\\/\\\/instagram.com\"]},\"new_tab\":\"on\",\"products\":[\"191\",\"192\",\"193\",\"195\",\"196\"],\"primary_image\":\"515\",\"floating_particle_one\":\"511\",\"floating_particle_two\":\"508\",\"floating_particle_three\":\"516\",\"floating_particle_four\":\"510\",\"padding_top\":\"0\",\"padding_bottom\":\"90\"}","addon_namespace":"Plugins\\PageBuilder\\Addons\\Tenants\\Casual\\Header\\Header","created_at":"2023-06-18T12:49:56.000000Z","updated_at":"2023-06-24T12:20:08.000000Z"},{"id":13,"addon_name":"Categories","addon_type":"update","addon_location":"dynamic_page","addon_order":2,"addon_page_id":1,"addon_page_type":"dynamic_page","addon_settings":"{\"id\":\"13\",\"addon_name\":\"Categories\",\"addon_namespace\":\"UGx1Z2luc1xQYWdlQnVpbGRlclxBZGRvbnNcVGVuYW50c1xDYXN1YWxcQ29tbW9uXENhdGVnb3JpZXM=\",\"addon_type\":\"update\",\"addon_location\":\"dynamic_page\",\"addon_order\":\"2\",\"addon_page_id\":\"1\",\"addon_page_type\":\"dynamic_page\",\"section_title\":\"Categories\",\"see_all_text\":\"See All\",\"see_all_url\":\"#\",\"categories\":[\"7\",\"8\",\"10\",\"11\"],\"product_count\":\"on\",\"read_more_button_text\":\"See Collection\",\"product_background_image\":\"525\",\"padding_top\":\"0\",\"padding_bottom\":\"110\"}","addon_namespace":"Plugins\\PageBuilder\\Addons\\Tenants\\Casual\\Common\\Categories","created_at":"2023-06-21T07:58:54.000000Z","updated_at":"2023-06-24T09:02:34.000000Z"},{"id":14,"addon_name":"PopularCollection","addon_type":"update","addon_location":"dynamic_page","addon_order":3,"addon_page_id":1,"addon_page_type":"dynamic_page","addon_settings":"{\"id\":\"14\",\"addon_name\":\"PopularCollection\",\"addon_namespace\":\"UGx1Z2luc1xQYWdlQnVpbGRlclxBZGRvbnNcVGVuYW50c1xDYXN1YWxcUHJvZHVjdFxQb3B1bGFyQ29sbGVjdGlvbg==\",\"addon_type\":\"update\",\"addon_location\":\"dynamic_page\",\"addon_order\":\"3\",\"addon_page_id\":\"1\",\"addon_page_type\":\"dynamic_page\",\"title\":\"POPULAR COLLECTION\",\"see_all_text\":\"See All\",\"see_all_url\":\"#\",\"item_show\":\"4\",\"padding_top\":\"0\",\"padding_bottom\":\"110\"}","addon_namespace":"Plugins\\PageBuilder\\Addons\\Tenants\\Casual\\Product\\PopularCollection","created_at":"2023-06-21T12:05:00.000000Z","updated_at":"2023-06-24T09:03:10.000000Z"},{"id":15,"addon_name":"ProductTypeList","addon_type":"update","addon_location":"dynamic_page","addon_order":4,"addon_page_id":1,"addon_page_type":"dynamic_page","addon_settings":"{\"id\":\"15\",\"addon_name\":\"ProductTypeList\",\"addon_namespace\":\"UGx1Z2luc1xQYWdlQnVpbGRlclxBZGRvbnNcVGVuYW50c1xDYXN1YWxcUHJvZHVjdFxQcm9kdWN0VHlwZUxpc3Q=\",\"addon_type\":\"update\",\"addon_location\":\"dynamic_page\",\"addon_order\":\"4\",\"addon_page_id\":\"1\",\"addon_page_type\":\"dynamic_page\",\"title\":\"OUR STORE\",\"see_all_text\":\"See All\",\"see_all_url\":\"#\",\"categories\":[\"6\",\"7\",\"8\",\"9\",\"10\",\"11\",\"12\"],\"item_show\":\"6\",\"sort_by\":\"id\",\"sort_to\":\"desc\",\"view_all_url\":\"#\",\"padding_top\":\"0\",\"padding_bottom\":\"110\"}","addon_namespace":"Plugins\\PageBuilder\\Addons\\Tenants\\Casual\\Product\\ProductTypeList","created_at":"2023-06-21T13:27:18.000000Z","updated_at":"2023-06-24T09:03:22.000000Z"},{"id":16,"addon_name":"CampaignSale","addon_type":"update","addon_location":"dynamic_page","addon_order":5,"addon_page_id":1,"addon_page_type":"dynamic_page","addon_settings":"{\"id\":\"16\",\"addon_name\":\"CampaignSale\",\"addon_namespace\":\"UGx1Z2luc1xQYWdlQnVpbGRlclxBZGRvbnNcVGVuYW50c1xDYXN1YWxcQ29tbW9uXENhbXBhaWduU2FsZQ==\",\"addon_type\":\"update\",\"addon_location\":\"dynamic_page\",\"addon_order\":\"5\",\"addon_page_id\":\"1\",\"addon_page_type\":\"dynamic_page\",\"title\":\"Flash Sale\",\"campaign\":\"14\",\"discount\":\"10\",\"button_text\":\"Flash Store\",\"button_url\":\"#\",\"image\":\"528\",\"background_shape\":\"527\",\"padding_top\":\"0\",\"padding_bottom\":\"110\"}","addon_namespace":"Plugins\\PageBuilder\\Addons\\Tenants\\Casual\\Common\\CampaignSale","created_at":"2023-06-22T06:39:27.000000Z","updated_at":"2023-06-24T09:03:41.000000Z"},{"id":17,"addon_name":"FlashStore","addon_type":"update","addon_location":"dynamic_page","addon_order":6,"addon_page_id":1,"addon_page_type":"dynamic_page","addon_settings":"{\"id\":\"17\",\"addon_name\":\"FlashStore\",\"addon_namespace\":\"UGx1Z2luc1xQYWdlQnVpbGRlclxBZGRvbnNcVGVuYW50c1xDYXN1YWxcUHJvZHVjdFxGbGFzaFN0b3Jl\",\"addon_type\":\"update\",\"addon_location\":\"dynamic_page\",\"addon_order\":\"6\",\"addon_page_id\":\"1\",\"addon_page_type\":\"dynamic_page\",\"title\":\"FLASH STORE\",\"see_all_text\":\"See All\",\"see_all_url\":\"#\",\"item_show\":\"8\",\"padding_top\":\"0\",\"padding_bottom\":\"110\"}","addon_namespace":"Plugins\\PageBuilder\\Addons\\Tenants\\Casual\\Product\\FlashStore","created_at":"2023-06-22T10:56:27.000000Z","updated_at":"2023-06-24T09:03:51.000000Z"},{"id":18,"addon_name":"BlogOne","addon_type":"update","addon_location":"dynamic_page","addon_order":7,"addon_page_id":1,"addon_page_type":"dynamic_page","addon_settings":"{\"id\":\"18\",\"addon_name\":\"BlogOne\",\"addon_namespace\":\"UGx1Z2luc1xQYWdlQnVpbGRlclxBZGRvbnNcVGVuYW50c1xDYXN1YWxcQmxvZ1xCbG9nT25l\",\"addon_type\":\"update\",\"addon_location\":\"dynamic_page\",\"addon_order\":\"7\",\"addon_page_id\":\"1\",\"addon_page_type\":\"dynamic_page\",\"title\":\"BLOG UPDATES\",\"see_all_text\":\"Sell All\",\"see_all_url\":\"#\",\"order_by\":\"id\",\"order\":\"desc\",\"items\":\"3\",\"padding_top\":\"0\",\"padding_bottom\":\"110\"}","addon_namespace":"Plugins\\PageBuilder\\Addons\\Tenants\\Casual\\Blog\\BlogOne","created_at":"2023-06-22T11:39:15.000000Z","updated_at":"2023-06-24T09:04:00.000000Z"},{"id":19,"addon_name":"Brand","addon_type":"update","addon_location":"dynamic_page","addon_order":8,"addon_page_id":1,"addon_page_type":"dynamic_page","addon_settings":"{\"id\":\"19\",\"addon_name\":\"Brand\",\"addon_namespace\":\"UGx1Z2luc1xQYWdlQnVpbGRlclxBZGRvbnNcVGVuYW50c1xDYXN1YWxcQ29tbW9uXEJyYW5k\",\"addon_type\":\"update\",\"addon_location\":\"dynamic_page\",\"addon_order\":\"8\",\"addon_page_id\":\"1\",\"addon_page_type\":\"dynamic_page\",\"item_show\":\"8\",\"item_pagination\":null,\"padding_top\":\"0\",\"padding_bottom\":\"110\"}","addon_namespace":"Plugins\\PageBuilder\\Addons\\Tenants\\Casual\\Common\\Brand","created_at":"2023-06-22T11:55:19.000000Z","updated_at":"2023-06-24T09:04:11.000000Z"}]